X,Y,cluster_number
88.67015047549773,7.484580060034187,2.0
99.030423538645,28.250315573949102,2.0
82.87983085352681,26.220007841291366,2.0
-182.6486662370707,-63.22557771926313,1.0
-156.24388405284694,-72.30102975185882,6.0
-95.91921177273743,-202.30410808581803,5.0
-84.05962786508694,-194.51476231709896,5.0
-100.64935341818587,1.5942603589591844,8.0
42.79534129814931,183.0261358572835,3.0
84.58252984650599,32.49484416989814,2.0
-203.61166338979157,-174.91213058651144,4.0
-139.98308280518853,-83.25976365674734,6.0
-161.9808652862685,-89.66017956525889,6.0
-155.44380296351284,-81.90965176518412,6.0
-88.99757568940088,8.71781726162748,8.0
-97.2648908374824,-192.85469415873237,5.0
-154.24943197250326,-84.82504903306562,6.0
91.02091334971539,11.304090421595516,2.0
-94.96568396442126,23.483583877778926,8.0
-82.24035185247752,9.968922301078535,8.0
85.44016911648507,33.428174788326146,2.0
-205.08582453418495,-53.261968472278376,1.0
34.65577039050457,14.566963114041375,9.0
-78.24174972309503,-192.48545052728142,5.0
86.69174770841958,18.338886654593935,2.0
-78.9798528100127,-195.2334486343442,5.0
-135.5898031642881,-81.3550001468681,6.0
82.63367152585974,24.907931583777266,2.0
-197.6213920406003,-162.3693884701283,4.0
15.599314610686994,24.44426409257467,9.0
23.296414722880886,34.26016479848002,9.0
-76.42470890093176,-204.44221788605486,5.0
-78.57018760376917,-205.2025722392107,5.0
-182.4054740174985,-167.2510549661933,4.0
-153.0536862798207,-68.97070080108531,6.0
191.70544054468485,-198.94164645234878,7.0
94.73619950792951,11.384271264909058,2.0
-76.57343218694692,-186.20992209501415,5.0
-85.47716857388633,9.584857289185182,8.0
-84.7677405072085,19.529991315011856,8.0
-145.290002403167,-76.53034011615863,6.0
205.50440643157827,-185.9276769322597,7.0
-198.2666341222388,-156.34861280585588,4.0
196.18297007872133,-29.268841886432075,0.0
19.281229749402147,22.579913388654283,9.0
-139.75230459895408,-70.93028446694188,6.0
-82.78126924766745,-198.86258065996878,5.0
79.64670004258977,18.43245423626995,2.0
23.478314579759854,32.53496259620774,9.0
-142.7701384290386,-77.78559019030448,6.0
-191.67339143117698,-161.79218980509944,4.0
198.8141534198929,-22.586700768625725,0.0
-143.20454062377348,-87.15581273062402,6.0
-198.37479054670803,-53.50458897942302,1.0
102.10912405050468,27.232623440329466,2.0
-162.52599025510983,-86.29585770206776,6.0
177.3062377468642,-26.990759018932458,0.0
102.2976311109435,21.802945737280474,2.0
188.12418509475134,-28.536719569339645,0.0
-206.36620974534597,-171.5639468684391,4.0
-199.51848662367598,-165.65779972399937,4.0
-204.58392963897467,-58.31375167294717,1.0
89.89414563817925,13.0959199196271,2.0
205.65810309348907,-190.17482066670902,7.0
21.802357157607126,182.1571140181465,3.0
41.840564347896866,175.95218829920796,3.0
183.50887535611636,-31.466927561938615,0.0
38.47996949030057,163.47219384053807,3.0
-96.12121499809383,-199.69023647820458,5.0
198.41565542489664,-12.061216833664732,0.0
-140.59750404527114,-85.0249179490957,6.0
-75.90004744143778,-189.51279614975525,5.0
28.73173711619942,184.40633564895975,3.0
19.30539414467621,26.56612026854271,9.0
201.5890923884822,-197.022149207835,7.0
186.0235606512073,-25.189441914940836,0.0
-158.93248117136338,-82.34201085485236,6.0
-97.07309219324858,-195.28912642924755,5.0
-195.53872459746879,-163.06617713424274,4.0
-196.42726894240852,-70.11955693940246,1.0
32.212069215796916,178.91672875182297,3.0
26.152017833339862,20.598362395238397,9.0
-74.0794323162173,-199.22571684466865,5.0
-99.66229841778977,2.8473588913572083,8.0
191.61685406171256,-22.82062302274415,0.0
29.805155939226683,183.78708538860704,3.0
203.11133256036453,-188.02942255791262,7.0
33.683865322167804,27.688853894904533,9.0
84.80411265721936,30.444515908229256,2.0
27.512756571971998,39.771819956995074,9.0
-149.11449453496115,-77.05828752260584,6.0
201.22267384109963,-185.41813551644353,7.0
93.3304887533057,17.388258892341803,2.0
-192.89626514099766,-182.19124502302324,4.0
38.895116096951206,182.04065323645077,3.0
-85.68322452590586,-180.2067679290287,5.0
-196.0064581479024,-156.04585616122094,4.0
-195.3883242963992,-170.68088841443407,4.0
-77.97187352125822,-207.59094860829478,5.0
188.79870617052885,-34.67815911866925,0.0
-76.2945545724366,-191.38905117009259,5.0
-160.67374382942262,-88.43956826006503,6.0
-186.79833773293362,-69.70746730439724,1.0
29.75831155655872,181.5217079009731,3.0
29.3334435446775,14.5990004884078,9.0
-198.69773714361182,-67.11935235100638,1.0
95.4079011035073,6.7981382197022455,2.0
39.82343230017639,167.36796859978645,3.0
196.50714319372827,-26.67504119611111,0.0
32.08006959695539,22.969053851576028,9.0
-180.7435081236918,-177.487232716899,4.0
192.86486466245657,-197.89414971460593,7.0
-80.28895715610025,-183.68147050929068,5.0
208.42699934830046,-189.66562097174065,7.0
29.69373547184771,18.923153209824452,9.0
-190.93341310529985,-57.85022564201811,1.0
212.3916353160478,-191.50266632362377,7.0
-99.10126880608887,11.33540710524316,8.0
-193.61403045824406,-170.8781418372768,4.0
12.273951594669482,24.524533062553886,9.0
102.14813105848077,27.180224808159252,2.0
-85.82357688493218,-208.38778980176093,5.0
31.420300331341785,174.2454265234924,3.0
-91.67408293268386,0.4254685603034929,8.0
-82.04873735025879,-195.28023338107923,5.0
-191.50709141575322,-62.881974944117836,1.0
30.627954757131686,164.4927091748023,3.0
-146.34718228705185,-94.76127345268134,6.0
-153.07697220101358,-77.42064556122536,6.0
194.06069076960918,-19.34203241963304,0.0
-141.20058037415586,-78.16479140223407,6.0
-157.54078318140165,-85.4015396085529,6.0
-185.1512710395061,-53.20020071141395,1.0
25.191556646847374,40.48345963314921,9.0
-189.86449322602195,-63.101449373768695,1.0
208.42267236282896,-205.7746808566857,7.0
78.05395619905676,17.86634878684325,2.0
83.5219188086689,30.122973722435646,2.0
-88.84234006303967,14.17596307129375,8.0
80.73848352592758,10.65689527134692,2.0
83.59590697761412,27.477193300696516,2.0
-160.66154946998495,-75.17863672332604,6.0
-144.77913210902054,-86.44882263736169,6.0
-75.41975402681655,-188.19980296710548,5.0
-198.8053277285569,-159.94814069549935,4.0
196.27423182166814,-202.57949683238624,7.0
-205.63760314451113,-173.02323377845707,4.0
195.39566257994267,-17.362634014445238,0.0
-146.16614633205822,-66.53521753916277,6.0
83.72018457478845,10.054001616150861,2.0
-180.67794068361368,-163.88227525905793,4.0
-145.58177864702932,-92.10649637147431,6.0
-146.30282150562337,-74.5399852738858,6.0
81.17695795442735,14.570620805828408,2.0
27.615781360912113,23.82202249932303,9.0
193.81256805821525,-186.99446191592187,7.0
28.592929760762335,31.842640420078453,9.0
-153.90610251469582,-93.07861401316427,6.0
-143.24683272818615,-93.08581484746902,6.0
36.493640699403784,174.69274601624755,3.0
-82.77366764655069,11.089922828485278,8.0
-85.4361740882013,-180.16067169825044,5.0
-192.29969115523545,-60.110212659892824,1.0
32.28291579805034,166.55143469026407,3.0
196.80318318590645,-35.16762058389267,0.0
187.65014272065895,-21.5964790931435,0.0
-183.2580230032445,-70.15220505005944,1.0
-93.73779727308595,5.216455184353648,8.0
27.758780122702568,177.4499316264656,3.0
39.940219036494724,161.2632798267817,3.0
190.54409456901402,-24.989790812430464,0.0
-182.42179975001622,-178.5384640124199,4.0
-97.07183304380769,-191.79610386880185,5.0
-197.04178264571428,-178.76020628796894,4.0
18.4641043112442,174.26148064313946,3.0
-197.34022203470707,-54.11474991074342,1.0
-160.41537670110202,-84.05802832622237,6.0
-194.89674019541857,-172.12848902383922,4.0
91.60210934814087,9.976340662444324,2.0
188.18274281787603,-195.23726231360416,7.0
-92.32030127433323,6.099435559527737,8.0
-182.00006649584057,-163.86263300127248,4.0
89.48644416715719,32.48292358585293,2.0
211.68038533188974,-199.91566371447135,7.0
201.2641134547091,-199.21996085741745,7.0
190.01517642967667,-16.165340988250094,0.0
194.29696590513362,-35.615887905452205,0.0
-186.69617306600955,-69.85198033289274,1.0
17.751587718132225,174.0094049484022,3.0
36.56331025636757,165.22573751402572,3.0
-185.98240796837297,-160.8259239673152,4.0
-201.70519870229532,-54.26301948673127,1.0
181.77761392207245,-26.160382624315115,0.0
29.7302920058585,180.58391331016097,3.0
186.3928453203267,-187.0540484003066,7.0
-157.87398925441997,-81.88688167337129,6.0
86.44445559850897,32.69218450758587,2.0
-94.80353989376484,-0.8158223770259561,8.0
-79.34325313000753,4.8251761171980645,8.0
-78.90796536974678,-183.06262033778555,5.0
38.25978143470404,169.73431332507525,3.0
191.55969473606672,-204.7796487475668,7.0
25.933068585673755,30.1572528605764,9.0
193.14092501257824,-185.66915838450132,7.0
29.763674678604264,16.307017474373982,9.0
-95.8239908224307,-199.23547265850084,5.0
-196.99284626643467,-71.66274550940685,1.0
-186.92053141259805,-58.647454626747496,1.0
28.27639623627959,169.21691992695796,3.0
206.38032332624803,-206.67182103794337,7.0
-201.71206907414214,-74.20625321008654,1.0
194.09447985912962,-19.075261935901345,0.0
-201.2606308972465,-56.76401837814067,1.0
-152.09387527097533,-88.51645365252627,6.0
34.03057915773954,163.06877535316968,3.0
37.99345186256187,172.19323674990963,3.0
21.66873608332029,19.021232505080615,9.0
37.83643269085876,17.203865627727254,9.0
27.63299615846894,183.51808690899375,3.0
-87.1930334917143,11.455157988651212,8.0
187.1383788421572,-32.462337124637884,0.0
-152.7354127133663,-86.94881055499282,6.0
-77.39564593251816,-189.207742846349,5.0
188.35134532117465,-199.17712814416151,7.0
180.96917620493448,-26.327675760401323,0.0
78.00600253407212,26.21999199616505,2.0
-204.6723385185379,-63.17031802622509,1.0
-197.90550845694926,-170.68838849286527,4.0
-189.27073233931827,-51.0047304807131,1.0
-85.00308447396331,7.829651689330818,8.0
-192.1764246457402,-156.48217559853956,4.0
190.919582895509,-189.44104052921878,7.0
-145.53698261581187,-94.97056072113794,6.0
197.0120417785254,-34.814998213094086,0.0
195.60298886259088,-36.209725350882714,0.0
17.994760565418524,172.5953103654967,3.0
-94.37644441561254,19.321066245631428,8.0
-80.91214710796845,-0.06421844339226901,8.0
206.11766556148297,-29.826899709411443,0.0
-79.70587124164507,-182.25132159243435,5.0
27.30137523857578,17.20278080742888,9.0
196.97495742176193,-27.819174251111267,0.0
39.189934521103375,25.89759522501076,9.0
-99.22259889541996,21.538942072605362,8.0
76.27791141523777,24.193762560353168,2.0
83.41424225408605,13.670714752143725,2.0
202.21784866310446,-206.86405923418621,7.0
32.84697956598428,172.25774789791683,3.0
-72.74444488888565,-199.01436068349898,5.0
-93.9788987505841,5.335462094214738,8.0
181.69963474428974,-16.829707101254126,0.0
-87.60732194477627,-195.51664020050046,5.0
-95.52287540828684,-203.3172982166048,5.0
24.91611133879127,173.5822137430251,3.0
-202.77406774291845,-50.87201569774378,1.0
27.378595990111492,172.1315612392437,3.0
34.87280699293623,181.06613606286976,3.0
-201.79156339401032,-176.3824620286098,4.0
82.41194350596865,19.199195105866337,2.0
-195.6303550534912,-56.42770690003536,1.0
81.36564406144656,31.912798161161014,2.0
193.5784128178465,-201.23582028525186,7.0
-147.84588818085643,-85.06686963441189,6.0
190.83600012809197,-191.07337242962055,7.0
-155.16664973805862,-67.20054867704802,6.0
-140.13640555625943,-75.82544845874042,6.0
81.3585079982805,14.479402341229463,2.0
199.19934049532304,-18.05361689760557,0.0
189.52804985659168,-35.73195632324178,0.0
31.019871502204392,30.383851378081182,9.0
-204.4164327954181,-63.01466141514424,1.0
83.82207394520901,24.751899129690557,2.0
-189.3247903511371,-154.9347422017169,4.0
-186.89504049522955,-179.8276089726395,4.0
-190.283089342219,-69.01869307329167,1.0
30.923741778148788,24.115909844043202,9.0
-77.40475002981212,-206.16987270051,5.0
-185.135415578774,-176.58832951202942,4.0
185.86298402259305,-29.787444265526887,0.0
191.86312075451227,-200.7375262275242,7.0
75.6705092493053,20.18546953889857,2.0
38.78787266436538,34.51480345848583,9.0
14.854732891857864,18.54826763546032,9.0
101.51176493996482,17.28886265878327,2.0
194.70456409328472,-198.86698676833768,7.0
23.405071284009995,35.82546341590159,9.0
24.156249907519864,184.00888344707994,3.0
25.83766928186505,178.68056689219452,3.0
93.12869943182345,13.557266225091904,2.0
-187.95501350243433,-57.78123029759184,1.0
89.81058406886721,33.018070955370234,2.0
19.54937064222826,174.61076158390568,3.0
-156.05750430237464,-84.76288962157571,6.0
-95.41867081226816,-194.9988555833834,5.0
-203.54343227806163,-169.96653224329532,4.0
91.67292244763352,24.0070287635516,2.0
196.5445967040897,-194.5165854928391,7.0
26.801152600851427,169.7739442776557,3.0
-159.5258589713736,-81.14215478629058,6.0
-85.44140902488144,-189.09517256074727,5.0
-90.99872710754627,-193.61331471761338,5.0
-200.24312715358462,-70.91667879269171,1.0
191.4839084122788,-187.6498097607632,7.0
14.472931754852063,30.46153560772177,9.0
194.24054410500284,-183.0524808402039,7.0
179.8990487869632,-30.991392710089663,0.0
100.5285040009897,12.007328761451262,2.0
-147.69855308814664,-66.64745392381738,6.0
-84.9533844378139,-194.44967784679253,5.0
-203.59649934564277,-55.53474273628722,1.0
-69.1668900369469,-192.49594590545323,5.0
-93.08582513236628,-184.87299833997372,5.0
20.183607764836786,177.20367132736737,3.0
-201.99986534524507,-175.82133165907487,4.0
195.2730319319255,-180.58230954317406,7.0
-185.2534812083511,-181.5525455206643,4.0
-189.62290995468445,-157.4347931742599,4.0
-198.38190733660954,-55.03198105050881,1.0
-203.84966637397238,-163.77011595004916,4.0
180.62382108981768,-17.30674915882761,0.0
187.34072385542112,-32.373007993215424,0.0
-203.81492875393334,-160.7031128534717,4.0
-189.55747859562663,-51.65731814646537,1.0
-95.87636959437745,-188.79148318528203,5.0
206.4334252724457,-28.505190029070206,0.0
200.41598520601252,-13.238024432684817,0.0
94.4177494997861,21.655485833440355,2.0
26.687003803304385,39.03010604685194,9.0
-89.24363807124723,16.762870702827687,8.0
-89.73136929137357,-201.72392752918836,5.0
-188.35322738345133,-70.26258762205627,1.0
-187.8379667500132,-182.23608367536508,4.0
-105.61598238927198,13.72436618999308,8.0
-95.69080324437328,3.8156657921799617,8.0
195.29404295315226,-204.0014309115903,7.0
-78.67303141186926,-192.93295654285086,5.0
-88.51033477081931,-203.1945049249791,5.0
185.61758169558914,-188.0715687261843,7.0
26.512513192468045,31.490561220573298,9.0
-142.87387131616725,-76.41315665529463,6.0
-106.64450571325509,9.830217632844208,8.0
-145.90084772718015,-94.37997391401606,6.0
-95.59602789372283,15.925184706017308,8.0
-93.29880354321799,19.086073039884383,8.0
40.631628648365364,23.592287897927527,9.0
-90.87296753602101,-203.96736515952625,5.0
82.9136949933329,22.043894301186995,2.0
185.49922095091503,-32.58647154024475,0.0
80.60899845625165,29.647093460729977,2.0
-183.61076674277453,-159.0267750823506,4.0
187.29811382501757,-13.544475991976254,0.0
-192.5604047830193,-164.9758963206332,4.0
-179.40653777993938,-173.07621459302982,4.0
22.318654512086013,179.80322225164304,3.0
-203.83805395401046,-163.2605859571231,4.0
-187.3546927131501,-50.19228108182665,1.0
194.15091201953877,-187.8502657422978,7.0
196.52138988723803,-202.64427346228706,7.0
195.9056485379424,-25.44934096896338,0.0
190.6491369398603,-31.893350976279944,0.0
-200.74426036127016,-169.94263970125198,4.0
97.33141254517263,13.039139173356242,2.0
-152.91716409212876,-95.15808470966974,6.0
35.900528899462394,33.693084200277234,9.0
-93.49968557384615,-189.26255439862214,5.0
-89.42918819575792,-2.5601090100928428,8.0
198.47374873216265,-35.35892160192025,0.0
84.98999350529004,6.583890035767695,2.0
-193.35218853779668,-175.83937245574882,4.0
-83.54989784936164,17.692024596969134,8.0
37.7420208887173,35.47760367963442,9.0
-139.44217714441973,-78.39717371462628,6.0
188.28004710315037,-189.17226375696202,7.0
203.11462631858078,-20.473861048557087,0.0
26.8404268189137,18.624050811554962,9.0
103.35435912253027,19.14821946522271,2.0
-184.64110267282047,-158.31920006429547,4.0
35.005673765870924,37.556283647257956,9.0
29.40972024732968,17.880420248875502,9.0
-206.0128761449113,-58.17770207388213,1.0
26.608312021107157,26.209675488879274,9.0
190.89839121815567,-189.06445040282676,7.0
-97.46376995608779,5.405761504117601,8.0
29.887739487335093,30.609927047123296,9.0
-89.87550195411808,-204.1797551781613,5.0
-92.29226461284264,-190.6774410601519,5.0
29.65191320931702,26.332544522264826,9.0
32.10712255918334,17.131304793807534,9.0
34.82797046899688,16.278759564574084,9.0
95.65847882347181,13.338662258574395,2.0
-84.03519840473056,11.398557696809926,8.0
-77.32884119832961,11.893684221771831,8.0
36.31880957131957,166.00676101673838,3.0
-201.90879322147268,-156.9756942296466,4.0
-208.06255834343713,-55.90457815666538,1.0
203.99984191679098,-27.697296101432883,0.0
-194.99125930146346,-154.78417179616434,4.0
-143.3518551151009,-91.9883634067049,6.0
-191.2616592218243,-48.55145762753975,1.0
-201.19146710549728,-63.917781285455604,1.0
-160.06410043062678,-87.59674582537778,6.0
-89.06427747678671,-0.5108618569913634,8.0
-92.63936759160234,13.25250241203051,8.0
-96.89225552395942,-195.58300931135068,5.0
180.24957603309196,-25.26568947422514,0.0
200.84592563454345,-32.263024040537815,0.0
36.4862469394716,24.77170213169749,9.0
-81.30100511404139,11.120541904749897,8.0
89.0740312406893,26.392972941214065,2.0
-81.0900741831502,-183.82795557302825,5.0
-85.49999684797884,-197.1498024000362,5.0
85.49782231546695,10.618443933780537,2.0
98.93909272395949,22.022375922789386,2.0
-92.51034825581655,20.179732998475373,8.0
-208.40447013368308,-57.138930938688674,1.0
23.95982231451044,28.084424117407323,9.0
19.383820859496407,173.75686641424693,3.0
34.73939023245188,172.55897067430828,3.0
-197.19475162937294,-173.71332118407497,4.0
42.365682433595076,178.95667257661506,3.0
28.84480471344152,19.2035187501957,9.0
198.053092750887,-25.314702398265442,0.0
-193.16370584286375,-74.58670510812102,1.0
-149.4885410111926,-84.29385859471914,6.0
-205.11723211932355,-57.20113940998603,1.0
195.4942232671512,-38.29183474180125,0.0
-182.85421957172017,-159.0777252485834,4.0
-180.01184655213274,-62.10376165532858,1.0
183.49713511431324,-194.85033858457845,7.0
-151.68522837335047,-76.30114313246287,6.0
-198.25032297530697,-170.40286790789602,4.0
201.31111229277585,-186.61273953724603,7.0
-91.47142836590581,-205.16670965204355,5.0
-186.66541983221097,-72.75454224599333,1.0
18.735340039321294,171.5337785571562,3.0
-91.82613543573278,17.58635050556184,8.0
-187.92258661312778,-61.43829444438448,1.0
27.90677734538234,12.343340407013596,9.0
193.81292542833788,-33.00493291539634,0.0
-185.82170674433414,-168.16220566987383,4.0
-186.42609296993544,-66.59403793957053,1.0
205.3209874441813,-184.242769438967,7.0
-185.5216127268974,-60.292293449997366,1.0
-197.85024626808726,-69.02335880443601,1.0
-84.56415066719471,12.81332024497644,8.0
-89.4617838256529,8.127725913978564,8.0
-190.6684115771445,-74.11081005169585,1.0
200.7427058545524,-193.03163101260313,7.0
-78.07214559218038,-204.42271491071165,5.0
21.096279134045457,19.957861332447408,9.0
-205.01234144158258,-168.38345983923514,4.0
26.351034880467306,27.30567468362527,9.0
32.83277198464748,26.87007137815899,9.0
-190.04824962424706,-169.53495868917824,4.0
27.486257678668853,179.24073405277034,3.0
32.79864284466358,39.38700039367546,9.0
202.4940140043418,-191.835088579763,7.0
-204.65147309411836,-65.69721050109987,1.0
88.64356302961313,15.721847067523782,2.0
30.87595601494123,170.1107696892188,3.0
42.35975860205764,169.12644221061396,3.0
-151.83631897543248,-69.46246108052861,6.0
86.43777690042248,12.379332251997583,2.0
95.31924443365014,17.02476855159691,2.0
202.86208039684553,-183.02392204186364,7.0
27.679755877607896,159.04589497740932,3.0
-206.8373485388635,-163.28016864074525,4.0
90.81040090710235,28.907822893993647,2.0
22.249320713938808,37.13253992900768,9.0
193.48382740629398,-33.77227940198798,0.0
28.347105297819528,184.16857101361776,3.0
33.26003338227775,163.5270825282671,3.0
186.0103176853012,-35.63793040346836,0.0
185.40518462155828,-199.42517497570464,7.0
18.819378067598272,28.25203810240415,9.0
182.9505272288887,-14.747226085668867,0.0
-200.3727153806481,-175.52726415821027,4.0
-147.73194503813465,-86.67209881142684,6.0
-186.3858644587055,-71.22317382945582,1.0
-194.9773958135823,-60.39593599445817,1.0
-86.05258108929188,4.522129815877705,8.0
-81.89878729158723,16.997209750333663,8.0
-76.64629981207176,-204.1587152902847,5.0
31.015476932837576,158.80398265779561,3.0
189.78016215812363,-198.27694654816196,7.0
93.94513209900605,22.35993663446723,2.0
200.59789416315638,-196.41636685296191,7.0
-94.40974793873565,-3.323694688860657,8.0
197.91996615829171,-182.16474391947924,7.0
-205.49095091237308,-176.6594471515853,4.0
205.1650054905224,-204.07878140773093,7.0
-93.94940114756557,-184.01033901538577,5.0
-104.73571459551252,8.738542992477958,8.0
-83.3178197971884,-193.94550368257458,5.0
204.2108949793055,-181.5863859057074,7.0
101.27770201500797,28.43849294753074,2.0
26.76005804023033,23.61653778277286,9.0
31.883109881584627,158.68304225910393,3.0
-162.67012871032605,-79.44536975123808,6.0
-91.20622870877524,-195.4447254940123,5.0
31.64499588168497,161.53840686949746,3.0
83.22015515992136,20.434527489064667,2.0
199.89362787277412,-182.93799680392587,7.0
-85.62392672698839,-193.4071498918398,5.0
203.0358891553092,-197.4180417582381,7.0
-156.28490237700322,-79.94449582764373,6.0
203.2968499726946,-190.13388433113764,7.0
-193.22362675858972,-73.66821315963878,1.0
208.41426979774837,-198.64364574607902,7.0
-84.8956621771025,13.191316819760523,8.0
-91.75803817583488,20.97799439327843,8.0
32.03507957817493,179.62382006694497,3.0
35.5896980671597,169.9266236324616,3.0
83.80031433088138,17.570280805145494,2.0
92.20436490713766,5.49397713527293,2.0
87.88260970913053,23.823699845510255,2.0
-136.18536394339338,-86.36520981802718,6.0
31.108711550210305,182.0181453237556,3.0
-136.9416393820043,-81.43303360870276,6.0
193.77515330631192,-19.005130796272912,0.0
211.31291473906464,-196.33681306732194,7.0
-89.87830011770511,-204.43771505828977,5.0
33.039538891750986,32.493488766186815,9.0
-185.21333343963514,-161.37002041941997,4.0
-204.15415492646179,-61.01249499986185,1.0
-75.30133232272925,-205.4844851896868,5.0
196.3952981833408,-26.26884162162882,0.0
184.02226387311418,-18.07771637278027,0.0
-76.41870266659245,-191.0281180185091,5.0
206.9629356143805,-201.72532751037096,7.0
-183.29459713968444,-172.960738867576,4.0
-143.08856694969887,-69.1763336075196,6.0
101.86248408963766,23.0661913162153,2.0
21.347136235202047,22.874296239023014,9.0
28.730972898789016,35.19844763967275,9.0
-136.36808859585256,-84.02943350952056,6.0
85.51490796391593,10.186158296474868,2.0
34.22592079895752,36.23339898138187,9.0
21.658572160159963,163.93360304836662,3.0
23.785119116465566,178.64484694038572,3.0
32.44278688463741,24.833920439713065,9.0
-196.0275304996068,-180.80644608236327,4.0
200.61406816472325,-33.96218482249423,0.0
208.33527618375834,-191.06806749010332,7.0
-194.70388545175376,-62.9001205001799,1.0
81.51397338245107,16.378927102664356,2.0
-197.76488789200195,-157.45907523707208,4.0
27.39324156322404,181.94228932938307,3.0
-204.45445135693004,-60.18762627298685,1.0
42.759361755191435,180.4699818833144,3.0
-87.9000470850035,13.648811355383975,8.0
-194.96753218347314,-64.18132173577504,1.0
-78.71940510207105,15.417723386491284,8.0
23.965857025200428,180.82532780245683,3.0
191.9951914835823,-185.88910257579107,7.0
196.07717882530363,-23.253818022437606,0.0
33.752146358947556,187.61398468618697,3.0
-92.00807700978388,9.929679306540363,8.0
200.0083539925305,-22.52790328272897,0.0
-198.19263606123016,-65.95819337962138,1.0
-158.81066827903788,-74.82677539784824,6.0
77.67412782685548,23.06241123149132,2.0
34.89313981425054,14.24229535624725,9.0
204.1661146055055,-191.26989234345285,7.0
-190.94839092073173,-52.59291587589872,1.0
-97.90340165246886,13.38792096648404,8.0
-141.17754970102226,-84.78192054604897,6.0
-157.80407300533986,-81.59985017582555,6.0
-183.98856296502166,-162.56474801463486,4.0
201.13521399888052,-34.13730081626809,0.0
-82.25510249268535,-191.06847708236347,5.0
-149.647663806359,-69.11885948838703,6.0
-185.88772262459668,-180.32470465448768,4.0
208.67026061024004,-204.55996957520304,7.0
-209.94153428494806,-62.627113042429265,1.0
204.2666033169052,-189.73315681837641,7.0
98.49831897313592,26.850372779160036,2.0
182.63395514204782,-30.623698545010285,0.0
-97.24124883254382,3.038085515972475,8.0
-103.78207018429674,1.0259173127838768,8.0
-183.7128247791233,-174.60583706332508,4.0
-91.53932443826521,2.373191529862944,8.0
-199.9419092061461,-164.76273446348844,4.0
26.032066190187077,15.851794252870947,9.0
17.761620524997905,14.960574148524062,9.0
-96.60025983284874,-189.75413333923657,5.0
35.31369508946947,23.713162799811904,9.0
26.46356546812039,169.0713739491272,3.0
88.70080724261886,21.293618861592883,2.0
-189.4316267361826,-168.54482130700816,4.0
193.2783941351123,-202.52305070207916,7.0
46.011159010668536,170.90535580503715,3.0
-209.70552806490758,-61.34147257552851,1.0
-97.04532971556966,-199.00571269817723,5.0
89.18820975512953,26.91893516830025,2.0
200.32355121656244,-184.78385259318577,7.0
-81.28651143167721,-192.32817883861432,5.0
188.94203196739502,-187.20164984724897,7.0
199.14693861763462,-21.884075535440346,0.0
39.53795158729077,31.933050077131213,9.0
187.77355287743268,-22.751609344347706,0.0
28.506492736287285,19.2249250935428,9.0
24.468193027218433,171.20812209407677,3.0
190.67239984497422,-10.28955513052244,0.0
-101.55856166689625,0.3805054780420871,8.0
40.97487543532751,167.69302652508833,3.0
-101.82806817295939,10.539565174367306,8.0
76.43731328398152,21.673052102819103,2.0
-197.1230475549305,-158.8921380878406,4.0
-162.43495045471627,-88.5455978000495,6.0
18.7878341799426,175.03082713077177,3.0
-189.249582935744,-181.64711331787205,4.0
192.86931210726593,-197.53569044476836,7.0
-81.88474736585468,-197.1231690604642,5.0
-187.92957311264337,-51.36537098738169,1.0
-94.49684345107636,-188.3087027090521,5.0
-190.46032483988023,-166.34723147984394,4.0
36.54425665060846,171.31177751536268,3.0
-198.02371086154332,-76.10881097457538,1.0
-147.18379852030003,-95.6909540910234,6.0
-83.40603101675002,-193.18418739114858,5.0
31.32400513232951,38.786273710866865,9.0
32.25629265502357,29.936435014647454,9.0
-182.2499194133874,-172.51586129955086,4.0
-88.86672942221126,-195.48945512184332,5.0
100.92296996823764,14.774594580524894,2.0
90.71661211001027,31.850814771616534,2.0
192.70934283447204,-194.41309440081824,7.0
-144.37278853111263,-70.27148809500913,6.0
30.624366644549994,13.327013972315434,9.0
186.8718014608825,-30.38480362754474,0.0
191.082484040627,-10.741865218244039,0.0
191.12128910123812,-184.4988781030303,7.0
28.14477790847774,15.305235314697589,9.0
-137.33917912261498,-73.49398465584164,6.0
-96.76538163875419,-0.9251955321376748,8.0
-193.55687588494996,-160.76505126155587,4.0
184.15985353711469,-19.092609615350497,0.0
196.8151922116803,-186.7776350487652,7.0
201.40842323925804,-188.12715949913093,7.0
38.47890766526666,29.335963371399252,9.0
36.0934203891983,160.00102547048317,3.0
-140.28388924691444,-72.16873054752476,6.0
178.5558932725725,-28.807572450193103,0.0
-149.12935819108975,-87.03320153731555,6.0
-83.36825206340798,8.811548905400851,8.0
-137.96558722085842,-83.59622461757404,6.0
93.60210928738488,30.462998649512436,2.0
-157.79039749137803,-70.57372538268152,6.0
-72.19554239732643,-201.69893948746275,5.0
-140.4450528099333,-92.13577723583089,6.0
-199.13965665009917,-64.95270991871195,1.0
87.23080827736894,17.03290386196015,2.0
86.66371639297874,34.7406951093004,2.0
37.65258351707973,33.614013680275576,9.0
-144.39937011414625,-93.97679484342547,6.0
74.26991199727789,20.900894457576968,2.0
-105.25116682285065,6.787022627774674,8.0
99.10137812347955,11.537459674808352,2.0
26.94549264851944,27.318726073182646,9.0
183.93304365391072,-16.35036373984625,0.0
-192.25372423814986,-161.99515437869,4.0
204.7067726044455,-200.69261180714977,7.0
190.70720337697887,-19.1742704590489,0.0
38.019714354644336,168.5074321862946,3.0
186.1021634642317,-34.815802765138976,0.0
204.34885238473782,-184.96709399198477,7.0
191.97243901318285,-205.317893978122,7.0
-182.9463877156315,-58.861334285424924,1.0
-87.89077253522386,21.397402318580937,8.0
-89.8879300422249,22.419844660507273,8.0
23.013727957094375,18.36506286999132,9.0
204.67753477470387,-199.40695636212695,7.0
-195.34790179480052,-171.9270152643977,4.0
13.605106211726907,30.037645753696744,9.0
-83.78330324156555,-183.3754139732984,5.0
-197.5340555932893,-183.16079910240396,4.0
27.177678980602053,177.3753432468748,3.0
85.05914974105234,10.862764604343825,2.0
-83.84070649552977,-1.3912208729823483,8.0
27.989177017300452,178.56388652153072,3.0
203.63803260997923,-204.85413852483686,7.0
81.58574312273147,18.452188252283825,2.0
186.59146151180275,-16.670243114530706,0.0
184.00026389203657,-12.528041690251834,0.0
-152.40920093286573,-85.01338905456352,6.0
23.242404248157957,176.42013799434255,3.0
-148.3713093460268,-75.1681889680502,6.0
-81.35957550287682,-186.47799245049404,5.0
-201.71466083730263,-169.56417562603622,4.0
-85.98099652856465,-193.87156500037477,5.0
99.81339430132698,27.83506263388434,2.0
191.47185745644938,-199.31110425672134,7.0
-205.46538784857546,-56.29581675149755,1.0
-85.34372195723593,0.7700661810515861,8.0
-187.95391406499607,-163.5232615015089,4.0
-82.06310994975769,-207.1850699577963,5.0
203.8352452289141,-16.668022073179202,0.0
-101.33789652226388,19.909702885784462,8.0
198.112785662516,-185.8223809297588,7.0
-203.41693651478923,-179.02347285312902,4.0
-77.56069885730314,-203.19593211586974,5.0
-82.48706188304136,-198.77355296437128,5.0
29.4865661325849,184.7948242606047,3.0
32.13823556585233,33.01093591926635,9.0
-190.97643468854545,-154.3368915129993,4.0
-191.32462635650998,-165.79032790125606,4.0
-97.0429136397431,-3.6595253895454753,8.0
-204.32937009067734,-160.36024331273939,4.0
-151.94932302978967,-87.63021463720811,6.0
14.454748817928882,23.81230882932778,9.0
204.3428023778569,-25.321580230718652,0.0
-192.94544516426993,-69.19752980653597,1.0
196.55884551706023,-39.1809478420973,0.0
97.3617686657123,26.56740663847621,2.0
194.82740754247953,-20.031036041342336,0.0
87.50581316185317,29.397498779781614,2.0
-197.38852723117975,-177.18839742776217,4.0
-205.57533524468357,-62.14217484411145,1.0
19.080378621954083,175.6576149689682,3.0
198.02084639373115,-196.4327536705853,7.0
-94.23478962370537,11.217771584262035,8.0
102.43267463319069,24.41006043905093,2.0
95.27399811380295,30.790259032890038,2.0
-143.61165591446434,-73.08541223942667,6.0
199.0103040316989,-14.89245755629153,0.0
-194.28252565097273,-169.8621232450585,4.0
32.98143035988291,18.912149711705283,9.0
205.935119707765,-19.605276875347762,0.0
-155.33458910711227,-74.89520122728293,6.0
-154.6541311181427,-95.20515659656826,6.0
-190.87486866401008,-165.55122492794231,4.0
79.54831717263903,17.819298662178948,2.0
97.48094653512676,17.881518708842183,2.0
185.25412185652505,-15.152727986289461,0.0
206.6500688744283,-200.660268967054,7.0
189.4042040092761,-33.76629033135421,0.0
-197.78929977886418,-61.96559005624515,1.0
-73.10321242032488,-197.00540560087012,5.0
-92.29638443145238,-196.74938175100436,5.0
197.0166014869493,-191.08958384429397,7.0
18.376826383131956,174.1829781424141,3.0
-88.56802503085261,-199.92568100547888,5.0
-143.03587818419902,-74.38293773648472,6.0
-144.90846878758433,-84.61934016344199,6.0
-146.03025970106142,-95.24150009333299,6.0
206.0187360620231,-184.52963339503702,7.0
200.4802916451407,-193.8382692495414,7.0
23.338658260210927,170.78041295919883,3.0
-155.8650667621754,-71.4821596791432,6.0
-200.26617718107235,-57.56587672233658,1.0
-199.05675405314287,-163.34281547506782,4.0
202.03968691137067,-180.8151612474247,7.0
-202.65566016411177,-62.813250555910955,1.0
-189.2530845912331,-63.19854970017738,1.0
-191.2270334980875,-68.84485907803356,1.0
-204.92750046349892,-67.48340133651278,1.0
-93.364348579323,0.21138979825513182,8.0
187.8333065729738,-203.31441857446,7.0
-146.29348534220227,-84.29739420170947,6.0
-154.9544005804399,-79.07346846240753,6.0
92.28099766891182,6.880369665509816,2.0
-157.0087554968476,-81.79674687643374,6.0
191.83965628130653,-12.05669708992169,0.0
200.80220443048873,-188.48297826841255,7.0
199.8566338279595,-202.56159216186435,7.0
-205.94003055103727,-57.33200629435067,1.0
197.80830504140795,-183.79935092751768,7.0
-91.85921240235562,-195.95348444632666,5.0
-93.97361440523177,-187.55434292657966,5.0
18.832090851311058,25.667904510756014,9.0
-195.4627443015897,-70.00208871554392,1.0
31.638023256411536,178.2436769508737,3.0
27.910166499506133,38.14954952281715,9.0
30.748629434173843,32.71000308720225,9.0
-144.50386696562367,-70.37682423270905,6.0
24.730476607006135,17.25636578000972,9.0
-75.26077231196976,-204.30677376359992,5.0
-187.50729039073866,-69.86483679354848,1.0
-199.27893497846867,-64.63318972238774,1.0
-143.11099387603267,-68.90931477116676,6.0
-183.7406766734849,-60.28752061737049,1.0
-191.31962211671024,-168.60696074747423,4.0
200.89662895063722,-24.400550478806142,0.0
17.611446658903077,22.506125459089887,9.0
-91.93836247580572,17.990337890482454,8.0
-193.63458633711593,-182.01724480865107,4.0
-99.095223829681,19.988048912023476,8.0
-143.88192044034167,-92.16946492753289,6.0
-97.99886293689923,2.4955551852843163,8.0
18.887880157759447,22.885371082894324,9.0
205.50612306136404,-189.68061314070292,7.0
25.714885051792347,160.99654491282868,3.0
-193.9131588397876,-59.52198050749482,1.0
-89.97525055166952,-196.16532600951837,5.0
-149.04291470312432,-87.83741591860193,6.0
22.038357795337532,182.94263857551158,3.0
86.83261192371788,27.13643540780258,2.0
34.257366835801406,169.6929789637792,3.0
188.46714349187712,-35.12456515488768,0.0
205.22250156611852,-193.17104582955318,7.0
87.40522820622787,6.120641318182928,2.0
39.181140563782954,182.58693664710404,3.0
-184.6217387605618,-63.47647473856222,1.0
-181.85479680183576,-173.37109002030357,4.0
31.68182050205593,24.825257966329733,9.0
29.056684938671005,179.19246289409696,3.0
194.97332768131727,-22.372555973313332,0.0
13.08711901591439,25.12533259104965,9.0
195.25514775553142,-25.835472425765982,0.0
-142.10700820366876,-81.88449081571875,6.0
35.0024295242262,14.684399648957243,9.0
-95.16472446261857,14.176850448512294,8.0
19.904821257237064,180.80331908745512,3.0
204.7606123535055,-28.00493882387201,0.0
40.940872044643584,182.58073027632184,3.0
-196.5955005991845,-182.08684421973445,4.0
-182.82840788120805,-177.06334625975558,4.0
-147.7264556897586,-86.67636618261352,6.0
45.0215517404517,167.35920158131094,3.0
-83.15439017464521,19.229540300087827,8.0
190.27687608601875,-37.543212083551104,0.0
-188.22560590060365,-60.29977593532235,1.0
-203.4340725032643,-179.07003152347548,4.0
93.84496622351709,28.345072428232832,2.0
37.786538229637586,173.89706338299578,3.0
190.74981329602824,-186.2327115738216,7.0
-78.47383172995586,11.589935545517758,8.0
29.455057873477397,177.64353323135256,3.0
-149.63566641559964,-80.05729461822878,6.0
76.01504851191991,24.101329982801396,2.0
28.31567633582988,163.97243539032635,3.0
23.467220290888143,184.55353782234045,3.0
-200.6838616303527,-59.03511055722349,1.0
-75.9644701775661,-183.81236755479085,5.0
32.70398618830921,38.27095694080996,9.0
-89.50326701053856,9.85239715875597,8.0
186.3376470346764,-21.19386140706711,0.0
178.19402082587462,-26.529901113688872,0.0
-204.44967678686703,-173.56927084569548,4.0
-85.37317627100131,-0.7308897861066086,8.0
-187.07303984790806,-156.0176106502639,4.0
29.917704439395102,172.12864493442672,3.0
23.93934742427726,25.26456947242794,9.0
189.7530892281525,-199.26177781822403,7.0
28.41074987571031,163.07223670048825,3.0
-151.40282554443544,-85.7706063306665,6.0
-162.4112983093579,-76.7298380664669,6.0
-85.787081932958,-183.09344478504164,5.0
-150.2198290196126,-83.05852058605352,6.0
-146.59039070336098,-92.80384699301676,6.0
38.30168382888268,26.695496709938617,9.0
-102.82157155597086,5.672469764743968,8.0
34.114930910786285,18.75147721209962,9.0
-185.80000319680227,-65.7469269596836,1.0
-89.61001392123275,3.173391722749429,8.0
21.81333502338535,182.6716704547933,3.0
-89.81680182322366,10.80740495156189,8.0
188.57688934457693,-15.84617773447688,0.0
-103.50407251658051,2.640297870430585,8.0
-208.04347570696962,-61.476699318781414,1.0
25.22972167948343,14.94989145589669,9.0
-183.51605153408647,-173.00927628716235,4.0
25.941965858940044,33.76711848357429,9.0
88.56151863838701,10.10255736856174,2.0
18.503007080149416,25.43651229073566,9.0
88.8556486192652,20.019390761979416,2.0
187.5046972329168,-33.67981455122526,0.0
201.58740061587204,-183.94353706023162,7.0
89.50469891400157,27.84704925202911,2.0
21.565637631971146,37.396832715266896,9.0
201.38494325290938,-196.30907136646002,7.0
-104.43723651289076,9.426159155339652,8.0
-197.62588700477812,-68.56167296971891,1.0
-207.84843593717247,-63.56417644639125,1.0
-159.23377920598932,-74.0818078611218,6.0
189.8995500567349,-207.26250754553837,7.0
-191.61752774672541,-181.02513122014653,4.0
-90.24378693176808,-182.71318201728874,5.0
86.5676179700307,10.219617864943142,2.0
189.12179704620723,-17.700318573856727,0.0
-94.54702320650223,-199.26208177817543,5.0
205.25199791359287,-207.27208792226247,7.0
-186.4162021468195,-60.79275039834155,1.0
85.79024346393545,26.415080319226835,2.0
-78.96610875635541,-195.54384698216944,5.0
-206.6460470606538,-55.56294801415934,1.0
-195.54029612406413,-48.663890602321246,1.0
186.64414640993397,-198.04982322734094,7.0
33.1730885726285,183.81715258355595,3.0
26.04003738302984,14.641082786961293,9.0
200.58445705958738,-22.646050318537526,0.0
187.3990307540906,-35.813462850361034,0.0
-182.98259070612536,-168.72792986682225,4.0
-141.96771904640806,-77.93555689620952,6.0
-88.47184461774708,8.880429368943231,8.0
-91.86926079018536,6.6929283036848055,8.0
32.3799255723262,183.67615236255332,3.0
204.84637240452088,-193.18925567163694,7.0
210.22589687152922,-199.71649905106736,7.0
-86.63869417421205,9.889714631548722,8.0
193.1225263547467,-19.62097975883188,0.0
-192.9873803038167,-66.92046070897271,1.0
34.43942361009873,37.9376467212421,9.0
-78.34756559912208,-198.77262263292684,5.0
-203.90859726474446,-67.35044468003854,1.0
19.284943743621632,36.13093257989821,9.0
41.21603987952861,22.53787111421585,9.0
-87.54354738560505,-0.8974009020282363,8.0
23.8513303710071,35.213241268493725,9.0
-205.36531003379773,-61.725436161622405,1.0
91.6420206010628,22.069991008322848,2.0
24.729945922250614,36.322458109367,9.0
31.13768861095017,19.238301048396963,9.0
-154.09280821292685,-69.5059727100138,6.0
-203.04901346304362,-57.20870933788995,1.0
-88.54581799070247,-4.2981785013499945,8.0
190.62138380839315,-200.3057905436949,7.0
77.65021875643578,14.813992426237277,2.0
29.109343265148865,159.36893352056754,3.0
188.56572332750403,-36.48568711639532,0.0
-155.25784331746388,-87.95878402119492,6.0
-186.72663011900912,-71.48089016103724,1.0
-201.44179893997259,-175.36857845372555,4.0
-159.1284981687822,-82.50466399512844,6.0
196.75952493836246,-194.07764492984722,7.0
200.47965320992876,-193.3344117047805,7.0
-75.8728455752034,-190.44951589484853,5.0
81.82382473095059,27.96686677308727,2.0
-92.09074035212637,0.4978980902554717,8.0
201.73887584275982,-32.79803037985238,0.0
-143.23797332750948,-84.44014732184284,6.0
209.51988647203578,-190.45848487694292,7.0
41.06007921928439,170.92313850315267,3.0
-196.8496166851784,-170.28107726028745,4.0
35.36042168115568,186.1530490858689,3.0
32.60939256427432,26.49485970089178,9.0
32.03962203738106,14.631316446704705,9.0
-72.31495710465124,-193.10383199799548,5.0
-95.18174020341182,13.193996809816595,8.0
-206.25614219163774,-165.46787947858496,4.0
24.118774617872656,172.8385612533054,3.0
-188.1458303303982,-65.20289104940116,1.0
-80.43623910739711,-185.08517099121005,5.0
207.88806258110424,-186.26487941682203,7.0
-185.02866206435743,-55.17635967696671,1.0
-88.9301433174588,-202.6157372679528,5.0
-85.71874381870778,-197.31423520533716,5.0
16.72801747856458,27.15211609892667,9.0
204.44316838186674,-33.28659993226011,0.0
84.34499413327279,19.688709965900795,2.0
13.883343213007446,21.92847786641632,9.0
90.11522993303812,10.314879184420759,2.0
80.55582468532141,20.29394633556398,2.0
32.249679103384665,23.152860581265294,9.0
187.20912748562665,-191.99397523797987,7.0
39.233582339259776,182.79929552459623,3.0
199.32661373082496,-209.28672932998708,7.0
-183.889806550374,-163.86229546970108,4.0
178.51382458463385,-30.494603285046264,0.0
74.33163065511724,19.985561501857372,2.0
41.97241704677649,177.5138787435189,3.0
-200.95347163207742,-48.58883207251782,1.0
88.92688960210066,31.634809870077348,2.0
-103.55613319419176,16.18915637214649,8.0
-94.87884665148326,-191.7272006465846,5.0
-75.26497632475869,-203.07156945321117,5.0
193.10084918050987,-203.04829809341607,7.0
35.36815281380749,184.26130275024286,3.0
203.59996551679117,-183.40449956941873,7.0
204.62126732949488,-201.9315323471605,7.0
-95.46151538920131,7.202845130607513,8.0
-196.24540605961116,-67.5159089840353,1.0
102.0166672133539,19.703914783248536,2.0
32.925521592871974,178.53778228651808,3.0
45.866453013511304,178.02196138936574,3.0
-194.97365622243768,-158.5712291643329,4.0
35.250125722164015,24.88511440189091,9.0
-83.89182452193839,10.118571384884179,8.0
-208.49180513128127,-65.4495458750988,1.0
-80.52570816162228,-186.9679571398944,5.0
-201.80915597820365,-157.60817079779224,4.0
-93.50641596022892,-184.93709217262477,5.0
-91.01203519166701,9.787712871098034,8.0
99.46074832687741,13.744362802500007,2.0
-94.18241634846952,10.496764462513589,8.0
96.17017817417785,23.41014769606288,2.0
26.87075505928031,161.4570940125119,3.0
-86.17936595399848,-193.11575739098046,5.0
196.22475148120404,-11.95194547089401,0.0
-97.47587014030101,-196.920888486113,5.0
195.17811628017884,-184.71110466780937,7.0
-164.2263271421325,-76.29763218901915,6.0
-203.08148386552926,-71.2556877674719,1.0
198.41177980122174,-205.12852934290592,7.0
-207.63634431966153,-66.41927025440351,1.0
-184.52263957081522,-163.38269131041088,4.0
-206.3596761317558,-168.52335076150788,4.0
198.4062391162375,-196.79980826179684,7.0
178.95040308558256,-28.102616195624606,0.0
-138.3942412579247,-72.10697153006859,6.0
192.29454512908714,-11.614863319898785,0.0
-195.79134801226843,-58.41760635395159,1.0
-207.0616582594064,-64.64016931365953,1.0
94.92347628366855,32.079486941424456,2.0
21.344210986874366,164.84463879032847,3.0
185.7657405383281,-22.505739557489566,0.0
-87.69924620129478,10.763752009109645,8.0
-81.62753759421379,-203.58118730956986,5.0
22.61415891943372,171.21014816674878,3.0
188.31006341634682,-14.4921824582781,0.0
-184.7658490066759,-174.0266045125375,4.0
-103.75468267947406,9.591406977684274,8.0
99.61116682143661,21.1815066105053,2.0
23.446113905504422,166.36898681333022,3.0
32.92248351974927,24.68432760495879,9.0
-85.91751778893921,-201.34917518166714,5.0
-186.83075911256338,-178.56883551924057,4.0
-206.49313248607692,-171.52168455643204,4.0
26.29244855134065,39.50366096209284,9.0
200.31859008894816,-200.46640897491025,7.0
187.88099470823798,-13.512551489291283,0.0
-91.30697160648012,-193.87494964878425,5.0
19.289475186943918,166.70314971260328,3.0
-192.19235024329998,-51.22021840827493,1.0
-142.27748174601027,-84.33112398591936,6.0
-205.4952483787526,-58.89793551664442,1.0
98.46005964554924,30.89507194258843,2.0
-142.12872927838524,-77.61606671953245,6.0
-82.37141176507656,-179.34244534597477,5.0
100.60102289632356,16.567618555208014,2.0
-95.76788284269297,3.5822656326137796,8.0
-185.5793981277809,-163.3132122625941,4.0
190.3581942984622,-200.4070288741923,7.0
30.105135195559864,178.7148435393629,3.0
193.39481978240974,-22.917254883748722,0.0
23.269627602554657,172.20825909573236,3.0
79.14077898838136,17.161804035187675,2.0
85.76967222710738,10.10262569969804,2.0
-202.74964814056287,-171.28933279545902,4.0
-143.2057935249006,-70.05901951805815,6.0
-192.31651049946692,-76.13152381802732,1.0
-78.20961564825926,4.575436812494919,8.0
-88.66760937978803,12.86223749202546,8.0
-99.14826318967654,0.09672470956968127,8.0
-190.66171536516592,-182.7728376264598,4.0
182.2715153771492,-21.086729484606657,0.0
-86.1577109234504,-182.43017787912646,5.0
-87.80812530485119,-185.64619865770783,5.0
-94.99317509623675,-3.8854679634998295,8.0
190.25255629148475,-26.904151813341397,0.0
183.28701437589012,-31.590106117001188,0.0
99.07341909636486,20.563088077008548,2.0
37.49104593865158,174.1927057451837,3.0
38.09220949961179,29.62427759826765,9.0
189.60527387429084,-15.223627402915506,0.0
27.670038811268487,183.75546468783432,3.0
24.1440869900982,13.817805011128922,9.0
-140.42206069264668,-76.10188150894102,6.0
38.85242787468556,171.50145754276792,3.0
-196.50201750331902,-54.298219940798575,1.0
-191.65706769249195,-75.11664481028598,1.0
14.894045875841517,27.515459384374132,9.0
191.55523501806687,-29.698212071588785,0.0
-137.58302719052182,-86.29245058840695,6.0
-93.98462697447994,-185.5336284550998,5.0
98.86378311472534,20.58624288141573,2.0
-204.8692227683099,-69.12048910248078,1.0
-189.0793940789328,-62.57858762897308,1.0
-185.70843030774202,-158.2960808015119,4.0
-74.30682726520669,-204.34793346062435,5.0
-91.40289867015144,5.287644197445784,8.0
190.93270603826372,-205.71291287682564,7.0
-89.44590466974985,18.483672651801214,8.0
191.2849881868185,-184.54939721813614,7.0
93.67154603988261,6.011048659826612,2.0
33.510808091128006,165.22160280498773,3.0
-188.49546337181428,-55.396377858050215,1.0
-82.29389629490322,17.59380600843891,8.0
-101.99277757203797,-0.22880660832558242,8.0
-188.4860304302971,-164.13351355990238,4.0
-192.75348014349058,-65.46458180243248,1.0
-137.54296368926168,-87.10744149597174,6.0
185.19019190856403,-190.64578256692636,7.0
195.4155544132115,-15.710691681333431,0.0
16.087318273731793,16.320648205326187,9.0
-183.35178515360425,-65.33003836362595,1.0
-196.83686362204574,-52.05508877762006,1.0
-74.29111596322429,-194.8147992617057,5.0
-187.74935978600544,-60.62667017603807,1.0
-162.53175779796484,-88.1972215127215,6.0
88.58269907166826,32.58257353209988,2.0
-95.96701959691266,4.5203935113711955,8.0
-181.2083302551859,-170.4376239730401,4.0
-204.7352255069539,-166.58950365962298,4.0
-157.30737821605294,-75.44165171964684,6.0
-83.63820627379498,7.900162371051527,8.0
78.40994267929464,13.485731595830465,2.0
195.85959847132506,-190.69783754049138,7.0
-77.29538719081292,-196.50188918230575,5.0
22.135952179432724,30.691222673611342,9.0
-74.68700582388794,-189.24493429199762,5.0
-99.25917203366188,5.871030081250399,8.0
-87.81732378659468,22.389998715459402,8.0
-208.90861778952143,-66.91533316262779,1.0
-193.16425782875027,-158.63231123776694,4.0
22.097632229340014,164.49714153890784,3.0
-88.14880720110737,-3.6906050690710615,8.0
-80.50082442617706,12.17021574017455,8.0
-77.14201951033088,-196.40737056480404,5.0
-192.41054399477827,-178.23842693234283,4.0
18.477651495369393,27.737509982522383,9.0
-155.44444962868178,-76.86605994853493,6.0
-185.31486749485842,-63.72143834652777,1.0
212.6221730318502,-197.3654981456717,7.0
36.29410004305283,162.999288864792,3.0
22.90652516753074,21.978179346572063,9.0
-180.16900875233637,-163.7919597216926,4.0
-83.96735193775274,15.553055454360422,8.0
36.8391151027865,167.24067211437514,3.0
193.1949764859712,-194.57478670057583,7.0
187.25281446563747,-12.096651207183982,0.0
-199.29590014161727,-51.212278353674705,1.0
29.91853032473278,169.37854778520003,3.0
-186.9986177577883,-182.1139462651086,4.0
-185.16842290383772,-161.4820665366955,4.0
-185.9503887462319,-54.43267771092125,1.0
30.00904073010974,24.02788511718983,9.0
-79.00441222632834,7.387198065568416,8.0
-194.85390786319624,-62.11909421713935,1.0
202.91113086754484,-30.20359594381428,0.0
-189.85236896100088,-67.14512512207395,1.0
-183.5718159285296,-179.69742158892643,4.0
-87.77783082743231,-183.14727671561408,5.0
81.39990098662896,20.900270299497706,2.0
31.95632524214941,177.77958974210046,3.0
-87.59310871851052,11.635580109834219,8.0
41.33436859976942,162.98380158614825,3.0
-187.6343859898624,-180.9268097132817,4.0
205.60438562292293,-192.75226838288063,7.0
19.2000128712015,178.90682742775846,3.0
209.1519418385038,-192.99902169052675,7.0
-158.8192407450075,-71.33428677558732,6.0
199.19637480887835,-17.077381034745052,0.0
184.17478026859212,-35.92234565768661,0.0
-202.90108787157195,-57.986461176180455,1.0
194.93852782589494,-20.763979652668052,0.0
184.38983656016518,-193.05761419510512,7.0
-79.77097097187796,-186.78530920073598,5.0
202.57753101808265,-34.66615233579248,0.0
24.139579578986478,15.42826137729986,9.0
-94.94744209031452,11.992492465042806,8.0
191.0140375387735,-199.42213766595484,7.0
96.23267758518475,32.51522545895901,2.0
-139.10247533184273,-77.54540402480717,6.0
-80.172629282519,6.854326303745337,8.0
-201.0767521426921,-64.91901042490807,1.0
38.84599764422579,31.891291904224495,9.0
-156.56881009282282,-88.71023249115882,6.0
41.60989487159924,23.656003937155145,9.0
182.44457671060667,-19.777719901977562,0.0
-77.05284878269649,-202.96154171777007,5.0
-188.57951590120464,-164.37088212518785,4.0
79.80262322610959,31.69047871815966,2.0
-98.15254449332083,13.701227816837383,8.0
-201.34385691710295,-50.66472967185836,1.0
80.1140786091423,9.1783484066002,2.0
86.25162575672145,20.343342923108295,2.0
-189.26998587303876,-66.43182904903803,1.0
194.8787207302788,-17.700344146334864,0.0
34.15335735386095,177.7246722400029,3.0
-90.5726222197184,-187.05928378773163,5.0
17.84171738136508,173.88252207766777,3.0
-194.22322199863265,-162.95205916211103,4.0
16.021643433450972,19.32568160386774,9.0
190.153387051026,-205.9547832439109,7.0
87.49235548076284,11.790224551383062,2.0
-190.96702305468094,-161.0870137418941,4.0
-90.95165215287194,5.832269587187368,8.0
186.42796967140606,-203.29928399443813,7.0
200.68489124046425,-200.26801426161842,7.0
-95.5631439962724,5.760382805317224,8.0
89.96421454815027,10.409289288308555,2.0
97.0273238687145,18.125705508599367,2.0
34.320745103457455,166.3611379636623,3.0
-84.30748598344177,-190.8176929616813,5.0
-188.5850627228672,-181.01681490590497,4.0
-88.55680982024151,18.47744745756887,8.0
32.04918209836218,38.67457534575092,9.0
-204.07309658351497,-178.7338854868062,4.0
-73.80319583865769,-192.81498825599658,5.0
32.77550299823044,161.79638589027255,3.0
-78.17062415951196,4.2611401393576385,8.0
18.689136491494054,23.868901531985557,9.0
-138.04819433253368,-86.72650603234896,6.0
-89.21786837669434,3.2438175665352036,8.0
32.18444627526016,183.2674161548673,3.0
-192.7537019016569,-48.940575322615935,1.0
-75.94896493292686,-193.62532948445931,5.0
-137.28692795247997,-88.66599532383906,6.0
-80.26585075137888,-190.66619555117052,5.0
194.99669936115282,-204.93568817383343,7.0
40.085498566638236,27.265166046143232,9.0
-85.52613613622263,-193.81679724686788,5.0
-196.82551584729734,-57.79853467917443,1.0
-85.30195694975075,23.00652956866859,8.0
185.15212329359534,-197.47110532618174,7.0
193.52325110849952,-192.24150100879837,7.0
-85.47044719983884,6.679001150232937,8.0
-200.9771961847907,-175.00499200632711,4.0
200.00595186799217,-203.1231924004633,7.0
33.116138454452475,20.062924883065556,9.0
-183.41704286623317,-167.30211801297398,4.0
41.99909673523358,176.9507117558054,3.0
-152.54681855383265,-89.5407111212883,6.0
-94.65772667861836,-192.17648458435082,5.0
188.219371278147,-36.94695680434817,0.0
-82.86518913009304,-206.76377317934103,5.0
-90.5245583101282,11.598991093119622,8.0
-151.63083225321247,-67.65688466968913,6.0
-103.07066350773101,3.365569744670176,8.0
-76.7773839401278,-194.80643727068076,5.0
-88.72797877136443,-190.67554948633907,5.0
-86.60090562807704,-197.44017519259558,5.0
42.76154606479907,163.85709792143268,3.0
-157.1686993925789,-90.61374916237189,6.0
184.52540167831603,-14.405949071848935,0.0
204.9995020725367,-191.89955753192177,7.0
23.81784060467446,183.38232715860872,3.0
-192.02246674303484,-54.476263227836725,1.0
-74.91475392957335,-189.17369395225353,5.0
-76.18136817682374,-191.1573157570395,5.0
-162.11305326048884,-79.68376814785627,6.0
21.48516434361817,23.428302837693238,9.0
184.33019567097588,-16.537440207258076,0.0
89.96494933003468,13.597886306331453,2.0
92.15256227787191,24.508140692512153,2.0
-94.07369385200965,-3.1297537012827483,8.0
29.311936586635053,165.02057065553413,3.0
201.3315994359208,-13.370881055139115,0.0
-184.6829716612984,-168.27609895113972,4.0
24.319228180598888,30.00392367677103,9.0
-75.3523611283534,-182.06394909006653,5.0
30.32031382152655,185.32167732836976,3.0
40.673296092778685,21.722725451499485,9.0
-157.29393818555624,-94.06826928200337,6.0
190.4018062230686,-36.710623131920876,0.0
-198.67523606834908,-49.25090448177543,1.0
-138.57873749658884,-75.56562056960246,6.0
81.48792056369918,23.216879305818207,2.0
196.47473348860464,-192.615277246404,7.0
206.98242864130933,-199.13526348074424,7.0
30.89117769477496,26.3757572703613,9.0
197.47488476221966,-38.406674009192216,0.0
-202.09838993594067,-164.30219838427828,4.0
-205.9253946950922,-63.4776773811859,1.0
-185.07955035084683,-56.729257763850114,1.0
26.072681687053308,19.576780478703352,9.0
-85.85407980180045,13.235238400324121,8.0
-95.02450062664299,-195.1957577535798,5.0
-197.9896031173334,-157.74248131254004,4.0
17.89138149321468,34.65498158594953,9.0
-206.1865976305795,-167.6101852974736,4.0
-70.99033456349137,-187.98912317669235,5.0
33.629664354823205,185.01183555086467,3.0
202.1136196201856,-207.1190359165465,7.0
195.4511235785835,-25.13081711166106,0.0
-135.30660670320546,-80.75406671383402,6.0
-160.5531842810633,-82.95054902475442,6.0
86.81851484775366,16.2674387078786,2.0
185.9761396915124,-24.913138080166814,0.0
191.44832732699118,-206.34107231604463,7.0
188.17748362211313,-27.988513334788692,0.0
200.57341455479641,-23.197018153517465,0.0
17.881580673072097,31.932331476609956,9.0
202.6388265903307,-201.81046171286724,7.0
-148.87945417554178,-81.47785913955325,6.0
195.98691623777228,-187.21120439275379,7.0
195.46633110618907,-15.748589601955596,0.0
23.982028913899267,11.804886042941169,9.0
-84.08518396081392,18.171370415281277,8.0
96.95734237098843,28.436079325293505,2.0
24.125985223123827,184.1980221510108,3.0
-184.22114730016295,-170.15741800396458,4.0
29.248483961513838,17.603225132307884,9.0
-96.61300860768391,-187.64189380169012,5.0
-73.24810190157223,-193.9179451436291,5.0
-200.25331507950042,-177.11775450551323,4.0
-83.52225027099207,16.77246997120229,8.0
39.672174139417464,167.55812735282692,3.0
-71.95655155842728,-200.22200308058882,5.0
-86.17699700921845,16.099219828804884,8.0
-197.16751544875706,-170.13207096185312,4.0
-142.55937382078554,-84.88743497815507,6.0
202.72463880366348,-17.86513306795728,0.0
-86.08129282729399,-197.70316214665922,5.0
-147.98773476860703,-79.48123879554656,6.0
79.48865663867653,21.708899565024858,2.0
-159.87453035470747,-88.09845934410244,6.0
-94.7651642258572,18.624539379345613,8.0
87.18720889196378,7.056638618984525,2.0
189.7306458097135,-25.437674840899103,0.0
-79.32141292068219,-188.53359938930143,5.0
-81.02306115291181,-189.8736124499965,5.0
209.6117067220759,-191.5172699693491,7.0
200.58591791818264,-195.0252919897486,7.0
31.027458436524938,176.32861703186262,3.0
-207.78918655291056,-169.50541541028818,4.0
-188.97198153658945,-168.4192202413188,4.0
-198.36330293538595,-168.90788525198855,4.0
78.40494160492936,21.256539531709446,2.0
-190.05160651790547,-169.23185103036948,4.0
191.28611240820868,-190.00944094313328,7.0
182.33662593174031,-36.13987264867578,0.0
-160.53795277992452,-84.24059710597754,6.0
-199.83788250914935,-51.98356474377517,1.0
-141.28215794105773,-82.09957100323896,6.0
-98.68393186019289,5.652594222041024,8.0
-151.60881846713016,-88.75444674054799,6.0
-75.73830594397658,-185.7853619073828,5.0
94.15311718677803,28.002044424895104,2.0
-182.86822318814035,-57.173311576675665,1.0
-196.5803718983784,-74.80859261119464,1.0
-193.68073710640616,-156.65588257883866,4.0
-145.35363056863454,-82.7488890264346,6.0
184.88706112753206,-14.128540399480332,0.0
189.52337581496877,-36.32384961800847,0.0
-77.67088104442472,-191.97206364631865,5.0
22.080475486348494,166.5506244863286,3.0
28.970203263280894,23.47823952423117,9.0
-99.94087150917004,1.5542534398340582,8.0
-204.2745393435711,-171.687674966455,4.0
181.46261219651961,-17.472330503463148,0.0
-88.36218178524132,0.4159591699504368,8.0
-205.88956276101644,-175.1052341286149,4.0
-183.05585647503833,-70.16442706681775,1.0
186.1474336179483,-13.097808260268453,0.0
103.17622316883772,16.424658482479526,2.0
-194.69645174418392,-51.292879020946046,1.0
97.97110816424977,26.2973031705375,2.0
185.43941452548196,-12.806117323947559,0.0
33.50023590010738,27.44318187308621,9.0
-207.23466626734637,-166.6413564055314,4.0
-158.2181572239371,-76.5101351622538,6.0
43.31436038228629,167.56561266001518,3.0
28.773315724380947,28.045257541847587,9.0
-89.60151050500163,3.609368400887756,8.0
195.80612062267642,-39.20662967537582,0.0
192.42815642453473,-191.80092952838535,7.0
32.82411467285094,175.05837929197716,3.0
25.728876749377417,36.073698784609704,9.0
30.25652515483572,171.32375848542088,3.0
-187.5070348117177,-167.89683436332598,4.0
203.73239510459024,-33.60903629687524,0.0
32.03656164880799,169.3658285774291,3.0
-92.97103345562425,0.542856253735339,8.0
31.5863195032253,160.62067149944656,3.0
-106.49413245478814,7.25364217067976,8.0
25.561133281026887,11.415859468193137,9.0
-92.08910143297977,-192.24369172861003,5.0
-184.52986046781322,-176.40982922702273,4.0
-98.69477351497444,5.133227636884408,8.0
78.92599831299188,20.953183434587434,2.0
-86.83891717101871,22.137741143855585,8.0
14.052120443190146,24.87340923618255,9.0
102.97639587457016,23.682925472045305,2.0
36.227285142092896,21.377420410399875,9.0
-77.19430867253585,-186.86043425244952,5.0
98.60504769405121,30.470823638399153,2.0
-184.98261959816327,-66.97360057931975,1.0
-90.90321822130672,24.04175406319972,8.0
-159.33738626950543,-72.71546017692954,6.0
-71.89926254536715,-199.56504604570168,5.0
-162.30795439724673,-84.53299082185104,6.0
-83.46383569679284,3.9846826339157193,8.0
-156.8187755101985,-81.86287054013644,6.0
29.78773885980455,165.1739084601771,3.0
-96.16250455025818,20.009648433119608,8.0
-201.44931738471175,-49.93809937395907,1.0
-92.46616064587303,-192.9283257667308,5.0
-87.9023593019344,-2.4445158022701516,8.0
78.16046209255673,10.976878237185073,2.0
205.42957461308208,-183.46115705374157,7.0
-158.07799000333338,-83.558958133808,6.0
-194.2930452545146,-66.96866526734658,1.0
-181.6245839866063,-177.6684205442565,4.0
-151.04427694916998,-73.60697841804117,6.0
-152.9582045368772,-76.44214427783096,6.0
197.10407085573766,-22.646884545898043,0.0
78.8423442282736,15.164596598199033,2.0
-197.23537269714535,-160.3735872767009,4.0
-141.00565884034154,-70.4992090272635,6.0
195.90297825924333,-30.597564216105805,0.0
193.73445963890555,-22.27674027336875,0.0
192.37552216884168,-13.236121631331304,0.0
36.04764250610988,162.6356856587707,3.0
-139.9959126730466,-71.96095360292304,6.0
23.531016200390745,35.62086033512152,9.0
180.41657716019122,-20.03243234005884,0.0
-70.75145500045457,-198.9236630209691,5.0
41.81218674267815,170.75174093485046,3.0
-101.87559898790549,3.9663427971670346,8.0
205.05544582177342,-188.51679887006733,7.0
-86.0636107986407,2.8972185242237076,8.0
192.95548368688395,-198.06395898498818,7.0
-204.31029540397424,-53.718328626364205,1.0
198.02399506759104,-200.468847000761,7.0
-90.05400542474744,-4.721560349779752,8.0
22.86948731849765,39.94519692283467,9.0
190.12528963898677,-194.92626207954703,7.0
21.04139894085611,22.846983451023156,9.0
26.629850356983013,25.193122708601443,9.0
-157.60664032861834,-92.86295144616054,6.0
-189.42399815427038,-58.828869667519946,1.0
-77.6703965614356,-189.65333899853604,5.0
-191.13146054532587,-48.255297982370905,1.0
-84.74866807737047,-1.1161249897557717,8.0
-146.97650966738058,-72.45945039244093,6.0
28.279177374413127,15.90047290157806,9.0
102.82021057519006,19.64180114125849,2.0
-146.19481114699798,-71.12946689447787,6.0
20.06283943616905,176.40581571826982,3.0
-189.09254865610123,-158.46987277241863,4.0
194.70940805070657,-188.8774950747361,7.0
20.875566497912175,168.4684783552919,3.0
-78.26964702121302,-199.28400772474416,5.0
-192.72871308030543,-177.7119715682601,4.0
-149.9189136645148,-76.00912570423986,6.0
86.06792695327927,10.096964663881852,2.0
-102.75434727478046,16.944169607801307,8.0
-207.57929610314366,-166.5483178220631,4.0
25.37703290295979,166.2627861871538,3.0
74.89020312774713,15.847053439217841,2.0
-84.39025043777559,-202.05820865790034,5.0
-178.48100479668025,-170.96206445142255,4.0
203.1759649468214,-181.76654281224822,7.0
-156.2552661884501,-86.04254873731954,6.0
21.024534391403698,167.17500284867526,3.0
45.646714821574506,172.32056600850757,3.0
-198.40492618226946,-182.42467766837697,4.0
-94.32868987896408,8.458311898397312,8.0
-207.98700217191302,-64.23306102479897,1.0
-71.08906181058772,-199.81152554644171,5.0
181.56563281847943,-34.98163928508961,0.0
202.75924826740354,-20.546430040854204,0.0
194.44897019960374,-17.00865314331687,0.0
-73.48506366481705,-201.10221553277154,5.0
206.49887678024203,-199.33700590504117,7.0
-196.1104031567436,-164.39366275517824,4.0
-181.52587966291892,-174.0258399762508,4.0
-204.70816042878647,-62.304066421953465,1.0
-185.9121677201581,-65.42399293395258,1.0
189.77088821790514,-35.798217060258494,0.0
-150.41793551651344,-73.67214460827113,6.0
98.74124578949068,22.820206280668195,2.0
-196.29539477836906,-75.90681345710645,1.0
95.85315773987094,10.905357953591128,2.0
-88.22213634594681,-199.53454386182415,5.0
-152.59773626910888,-93.15539494769136,6.0
32.96922028087368,18.114147844902977,9.0
-196.6093871978944,-68.29714959152739,1.0
88.0083143567477,9.17399549117871,2.0
-90.30292084246894,-184.63526224897547,5.0
26.521785573378835,31.554546183445222,9.0
89.32265907712494,6.560990558791826,2.0
-77.53073326293494,-188.62317400437084,5.0
21.204868241434028,36.60075135605541,9.0
-90.74007954689499,8.542942456796352,8.0
15.724060929478602,20.186467481755134,9.0
182.70500719707536,-13.972012149952008,0.0
210.94396755345372,-195.8553805856591,7.0
-188.24765573522092,-72.6198458884777,1.0
-86.51835875820593,-192.20336837157672,5.0
-184.98829061395455,-54.27952080934624,1.0
33.66716701903742,160.4793362834883,3.0
-189.40151588512677,-58.44351066102057,1.0
-137.22325065773387,-76.78554944362624,6.0
27.234668559377138,183.3785903746574,3.0
44.57291146454212,170.61085520804835,3.0
-143.9922931481183,-92.37688398798966,6.0
95.1305317852299,11.691363243813704,2.0
90.57126378750534,30.710403637997278,2.0
34.623900710508124,26.180548975949748,9.0
-158.13559778430118,-83.4980009677247,6.0
201.99287374682746,-208.3773611979116,7.0
92.3375768007393,9.209332350448387,2.0
-95.57853048556855,11.078662724011389,8.0
191.53874953194398,-205.41194924381637,7.0
-100.73297593108718,8.145664076851606,8.0
-198.8821741371844,-177.57463087953022,4.0
195.7884274247635,-196.92033697172457,7.0
190.80573343024875,-24.772053080672595,0.0
-84.24887227605063,12.252954478586831,8.0
88.53986045945004,8.024099586724548,2.0
-164.89287174641032,-80.16607915794636,6.0
-188.69410097945934,-166.90314949565584,4.0
-188.66234265879655,-62.225913524868425,1.0
182.1129982622935,-14.42352533244195,0.0
-79.15653550669266,-187.47134796451982,5.0
29.11958750396944,19.483813622939536,9.0
